{"cameraMode":{"drawMode":0,"name":"Shaded","section":"Shading Mode"},"sceneLighting":true,"audioPlay":false,"sceneViewState":{"showFog":true,"showMaterialUpdate":true,"showSkybox":true,"showFlares":true,"showImageEffects":true,"showParticleSystems":true},"in2DMode":false,"pivot":{"x":-6.025932312011719,"y":-2.9826321601867677,"z":6.756589889526367},"rotation":{"x":-0.2336103916168213,"y":0.43207159638404848,"z":-0.11693660914897919,"w":-0.8631724119186401},"size":10.213661193847657,"orthographic":false}