{"cameraMode":{"drawMode":0,"name":"Shaded","section":"Shading Mode"},"sceneLighting":false,"audioPlay":false,"sceneViewState":{"showFog":true,"showMaterialUpdate":true,"showSkybox":false,"showFlares":true,"showImageEffects":true,"showParticleSystems":true},"in2DMode":false,"pivot":{"x":-0.42163360118865969,"y":-0.9199215173721314,"z":-0.3654294013977051},"rotation":{"x":-0.17216147482395173,"y":0.16406893730163575,"z":-0.029095450416207315,"w":-0.9708825945854187},"size":2.36602520942688,"orthographic":false}