{"cameraMode":{"drawMode":0,"name":"Shaded","section":"Shading Mode"},"sceneLighting":true,"audioPlay":false,"sceneViewState":{"showFog":true,"showMaterialUpdate":true,"showSkybox":true,"showFlares":true,"showImageEffects":true,"showParticleSystems":true},"in2DMode":false,"pivot":{"x":19.27002716064453,"y":-4.08453369140625,"z":132.78219604492188},"rotation":{"x":0.38322407007217409,"y":-0.3772231936454773,"z":0.17529410123825074,"w":0.8246957063674927},"size":97.92262268066406,"orthographic":false}