{"cameraMode":{"drawMode":0,"name":"Shaded","section":"Shading Mode"},"sceneLighting":true,"audioPlay":false,"sceneViewState":{"showFog":true,"showMaterialUpdate":true,"showSkybox":true,"showFlares":true,"showImageEffects":true,"showParticleSystems":true},"in2DMode":false,"pivot":{"x":-8.184627532958985,"y":-4.899140357971191,"z":5.247403144836426},"rotation":{"x":-0.27712976932525637,"y":0.4799993336200714,"z":-0.16297027468681336,"w":-0.8162356019020081},"size":9.028282165527344,"orthographic":false}