{"cameraMode":{"drawMode":0,"name":"Shaded","section":"Shading Mode"},"sceneLighting":true,"audioPlay":false,"sceneViewState":{"showFog":true,"showMaterialUpdate":true,"showSkybox":true,"showFlares":true,"showImageEffects":true,"showParticleSystems":true},"in2DMode":false,"pivot":{"x":-91.83981323242188,"y":-29.684043884277345,"z":259.56829833984377},"rotation":{"x":0.13438023626804353,"y":-0.15598249435424806,"z":0.02142256498336792,"w":0.9783487319946289},"size":278.0951843261719,"orthographic":false}