{"cameraMode":{"drawMode":0,"name":"Shaded","section":"Shading Mode"},"sceneLighting":true,"audioPlay":false,"sceneViewState":{"showFog":true,"showMaterialUpdate":true,"showSkybox":true,"showFlares":true,"showImageEffects":true,"showParticleSystems":true},"in2DMode":false,"pivot":{"x":3.939995050430298,"y":-31.355712890625,"z":53.954132080078128},"rotation":{"x":0.35615816712379458,"y":-0.12282874435186386,"z":0.04728778451681137,"w":0.9251101613044739},"size":206.3043670654297,"orthographic":false}