{"cameraMode":{"drawMode":0,"name":"Shaded","section":"Shading Mode"},"sceneLighting":true,"audioPlay":false,"sceneViewState":{"showFog":true,"showMaterialUpdate":true,"showSkybox":true,"showFlares":true,"showImageEffects":true,"showParticleSystems":true},"in2DMode":false,"pivot":{"x":-81.97876739501953,"y":7.0882463455200199,"z":294.5896301269531},"rotation":{"x":-0.1847103238105774,"y":0.17961692810058595,"z":-0.03435921669006348,"w":-0.9656354784965515},"size":14.41948413848877,"orthographic":false}