{"cameraMode":{"drawMode":0,"name":"Shaded","section":"Shading Mode"},"sceneLighting":true,"audioPlay":false,"sceneViewState":{"showFog":true,"showMaterialUpdate":true,"showSkybox":true,"showFlares":true,"showImageEffects":true,"showParticleSystems":true},"in2DMode":false,"pivot":{"x":-6.727630615234375,"y":16.227405548095704,"z":413.616455078125},"rotation":{"x":0.35247549414634707,"y":0.18082892894744874,"z":-0.0696176290512085,"w":0.915544867515564},"size":25.55278778076172,"orthographic":false}