{"cameraMode":{"drawMode":0,"name":"Shaded","section":"Shading Mode"},"sceneLighting":true,"audioPlay":false,"sceneViewState":{"showFog":true,"showMaterialUpdate":true,"showSkybox":true,"showFlares":true,"showImageEffects":true,"showParticleSystems":true},"in2DMode":false,"pivot":{"x":513.726806640625,"y":514.5256958007813,"z":2414.2529296875},"rotation":{"x":-0.06804917007684708,"y":0.001496530370786786,"z":0.00010207419109065086,"w":0.9976811408996582},"size":1461.40771484375,"orthographic":false}