{"cameraMode":{"drawMode":0,"name":"Shaded","section":"Shading Mode"},"sceneLighting":true,"audioPlay":false,"sceneViewState":{"showFog":true,"showMaterialUpdate":true,"showSkybox":true,"showFlares":true,"showImageEffects":true,"showParticleSystems":true},"in2DMode":false,"pivot":{"x":143.1927490234375,"y":-69.0427017211914,"z":541.1810913085938},"rotation":{"x":-0.14688506722450257,"y":-0.7497556209564209,"z":0.17752504348754884,"w":-0.6203181147575378},"size":98.81657409667969,"orthographic":false}