{"cameraMode":{"drawMode":0,"name":"Shaded","section":"Shading Mode"},"sceneLighting":true,"audioPlay":false,"sceneViewState":{"showFog":true,"showMaterialUpdate":true,"showSkybox":true,"showFlares":true,"showImageEffects":true,"showParticleSystems":true},"in2DMode":false,"pivot":{"x":-34.69956970214844,"y":-95.80933380126953,"z":254.89268493652345},"rotation":{"x":0.19089926779270173,"y":-0.118067167699337,"z":0.023133432492613794,"w":0.9742158651351929},"size":176.04917907714845,"orthographic":false}