{"cameraMode":{"drawMode":0,"name":"Shaded","section":"Shading Mode"},"sceneLighting":false,"audioPlay":false,"sceneViewState":{"showFog":true,"showMaterialUpdate":true,"showSkybox":false,"showFlares":true,"showImageEffects":true,"showParticleSystems":true},"in2DMode":false,"pivot":{"x":-0.13595694303512574,"y":0.008532106876373291,"z":0.026875615119934083},"rotation":{"x":-0.19337227940559388,"y":-0.08318914473056793,"z":0.01645703986287117,"w":-0.9774572849273682},"size":0.6866027116775513,"orthographic":false}