{"cameraMode":{"drawMode":0,"name":"Shaded","section":"Shading Mode"},"sceneLighting":true,"audioPlay":false,"sceneViewState":{"showFog":true,"showMaterialUpdate":true,"showSkybox":true,"showFlares":true,"showImageEffects":true,"showParticleSystems":true},"in2DMode":false,"pivot":{"x":-718.8951416015625,"y":-877.0460205078125,"z":301.4522705078125},"rotation":{"x":0.2891300916671753,"y":-0.6222449541091919,"z":0.26565223932266238,"w":0.6772398352622986},"size":817.3638916015625,"orthographic":false}