{"cameraMode":{"drawMode":0,"name":"Shaded","section":"Shading Mode"},"sceneLighting":true,"audioPlay":false,"sceneViewState":{"showFog":true,"showMaterialUpdate":true,"showSkybox":true,"showFlares":true,"showImageEffects":true,"showParticleSystems":true},"in2DMode":false,"pivot":{"x":76.35652923583985,"y":-33.02733612060547,"z":244.7174072265625},"rotation":{"x":-0.1847103238105774,"y":0.17961692810058595,"z":-0.03435921669006348,"w":-0.9656354784965515},"size":49.11735534667969,"orthographic":false}