{"cameraMode":{"drawMode":0,"name":"Shaded","section":"Shading Mode"},"sceneLighting":true,"audioPlay":false,"sceneViewState":{"showFog":true,"showMaterialUpdate":true,"showSkybox":true,"showFlares":true,"showImageEffects":true,"showParticleSystems":true},"in2DMode":false,"pivot":{"x":-0.6110696792602539,"y":42.71818923950195,"z":154.8064422607422},"rotation":{"x":0.10180163383483887,"y":0.020889822393655778,"z":-0.0021339980885386469,"w":0.9945876598358154},"size":47.671260833740237,"orthographic":false}