{"cameraMode":{"drawMode":0,"name":"Shaded","section":"Shading Mode"},"sceneLighting":true,"audioPlay":false,"sceneViewState":{"showFog":true,"showMaterialUpdate":true,"showSkybox":true,"showFlares":true,"showImageEffects":true,"showParticleSystems":true},"in2DMode":false,"pivot":{"x":-23.836713790893556,"y":3.410689353942871,"z":17.37575340270996},"rotation":{"x":-0.017731936648488046,"y":-0.17161808907985688,"z":-0.003089450066909194,"w":0.9849998354911804},"size":23.915712356567384,"orthographic":false}