{"cameraMode":{"drawMode":0,"name":"Shaded","section":"Shading Mode"},"sceneLighting":false,"audioPlay":false,"sceneViewState":{"showFog":true,"showMaterialUpdate":true,"showSkybox":false,"showFlares":true,"showImageEffects":true,"showParticleSystems":true},"in2DMode":false,"pivot":{"x":532.3639526367188,"y":15.850105285644532,"z":9.590652465820313},"rotation":{"x":0.014686471782624722,"y":-0.02039949782192707,"z":-0.00030004707514308393,"w":-0.9996880888938904},"size":24.591880798339845,"orthographic":false}