{"cameraMode":{"drawMode":0,"name":"Shaded","section":"Shading Mode"},"sceneLighting":false,"audioPlay":false,"sceneViewState":{"showFog":true,"showMaterialUpdate":false,"showSkybox":false,"showFlares":true,"showImageEffects":true,"showParticleSystems":true},"in2DMode":false,"pivot":{"x":22.101818084716798,"y":-0.5263864994049072,"z":71.72746276855469},"rotation":{"x":0.11508229374885559,"y":-0.8847901225090027,"z":0.32730188965797427,"w":0.31109896302223208},"size":253.08731079101563,"orthographic":false}