{"cameraMode":{"drawMode":0,"name":"Shaded","section":"Shading Mode"},"sceneLighting":false,"audioPlay":false,"sceneViewState":{"showFog":true,"showMaterialUpdate":false,"showSkybox":false,"showFlares":true,"showImageEffects":true,"showParticleSystems":true},"in2DMode":false,"pivot":{"x":-24.814407348632814,"y":-31.719131469726564,"z":12.855917930603028},"rotation":{"x":-0.12963755428791047,"y":0.8245425820350647,"z":-0.2099340558052063,"w":-0.5091679096221924},"size":121.08926391601563,"orthographic":false}