{"cameraMode":{"drawMode":0,"name":"Shaded","section":"Shading Mode"},"sceneLighting":true,"audioPlay":false,"sceneViewState":{"showFog":true,"showMaterialUpdate":true,"showSkybox":true,"showFlares":true,"showImageEffects":true,"showParticleSystems":true},"in2DMode":false,"pivot":{"x":-0.6413066387176514,"y":-0.04695536196231842,"z":5.618557453155518},"rotation":{"x":0.14776036143302918,"y":-0.5555216670036316,"z":0.10108783096075058,"w":0.8120052814483643},"size":2.523231029510498,"orthographic":false}