{"cameraMode":{"drawMode":0,"name":"Shaded","section":"Shading Mode"},"sceneLighting":true,"audioPlay":false,"sceneViewState":{"showFog":true,"showMaterialUpdate":true,"showSkybox":true,"showFlares":true,"showImageEffects":true,"showParticleSystems":true},"in2DMode":false,"pivot":{"x":-10.269081115722657,"y":-31.03459930419922,"z":-126.36881256103516},"rotation":{"x":0.009819966740906239,"y":0.9899333119392395,"z":-0.08783795684576035,"w":0.11063367873430252},"size":7.26982307434082,"orthographic":false}