{"cameraMode":{"drawMode":0,"name":"Shaded","section":"Shading Mode"},"sceneLighting":true,"audioPlay":false,"sceneViewState":{"showFog":true,"showMaterialUpdate":true,"showSkybox":true,"showFlares":true,"showImageEffects":true,"showParticleSystems":true},"in2DMode":false,"pivot":{"x":-5.530020713806152,"y":0.9954929351806641,"z":7.824784278869629},"rotation":{"x":-0.17508967220783235,"y":0.7588988542556763,"z":-0.2272927314043045,"w":-0.5846071839332581},"size":20.69744110107422,"orthographic":false}