{"cameraMode":{"drawMode":0,"name":"Shaded","section":"Shading Mode"},"sceneLighting":true,"audioPlay":false,"sceneViewState":{"showFog":true,"showMaterialUpdate":true,"showSkybox":true,"showFlares":true,"showImageEffects":true,"showParticleSystems":true},"in2DMode":false,"pivot":{"x":-62.822052001953128,"y":-10.847618103027344,"z":61.940032958984378},"rotation":{"x":0.2096996158361435,"y":-0.6392558813095093,"z":0.18728676438331605,"w":0.7157589197158814},"size":144.15072631835938,"orthographic":false}