{"cameraMode":{"drawMode":0,"name":"Shaded","section":"Shading Mode"},"sceneLighting":true,"audioPlay":false,"sceneViewState":{"showFog":true,"showMaterialUpdate":true,"showSkybox":true,"showFlares":true,"showImageEffects":true,"showParticleSystems":true},"in2DMode":false,"pivot":{"x":-25.059276580810548,"y":-33.84339904785156,"z":-124.49112701416016},"rotation":{"x":-0.03630666062235832,"y":0.9613407850265503,"z":-0.15563443303108216,"w":-0.22428391873836518},"size":10.338420867919922,"orthographic":false}