{"cameraMode":{"drawMode":0,"name":"Shaded","section":"Shading Mode"},"sceneLighting":true,"audioPlay":false,"sceneViewState":{"showFog":true,"showMaterialUpdate":true,"showSkybox":true,"showFlares":true,"showImageEffects":true,"showParticleSystems":true},"in2DMode":false,"pivot":{"x":-4.152388572692871,"y":1.621286392211914,"z":0.859489917755127},"rotation":{"x":0.07143654674291611,"y":0.9074625968933106,"z":-0.17217157781124116,"w":0.376518577337265},"size":1.5989160537719727,"orthographic":false}