{"cameraMode":{"drawMode":0,"name":"Shaded","section":"Shading Mode"},"sceneLighting":true,"audioPlay":false,"sceneViewState":{"showFog":true,"showMaterialUpdate":true,"showSkybox":true,"showFlares":true,"showImageEffects":true,"showParticleSystems":true},"in2DMode":false,"pivot":{"x":-24.271888732910158,"y":-26.186187744140626,"z":-108.73274993896485},"rotation":{"x":-0.040747541934251788,"y":0.9570017457008362,"z":-0.16674071550369264,"w":-0.23389282822608949},"size":9.593188285827637,"orthographic":false}