{"cameraMode":{"drawMode":0,"name":"Shaded","section":"Shading Mode"},"sceneLighting":true,"audioPlay":false,"sceneViewState":{"showFog":true,"showMaterialUpdate":true,"showSkybox":true,"showFlares":true,"showImageEffects":true,"showParticleSystems":true},"in2DMode":false,"pivot":{"x":-35.400001525878909,"y":-63.298553466796878,"z":-64.89639282226563},"rotation":{"x":-0.15338490903377534,"y":-0.7789940237998962,"z":0.20931418240070344,"w":-0.5708323121070862},"size":1.5885705947875977,"orthographic":false}