{"cameraMode":{"drawMode":0,"name":"Shaded","section":"Shading Mode"},"sceneLighting":true,"audioPlay":false,"sceneViewState":{"showFog":true,"showMaterialUpdate":true,"showSkybox":true,"showFlares":true,"showImageEffects":true,"showParticleSystems":true},"in2DMode":false,"pivot":{"x":-0.9986438751220703,"y":2.592715263366699,"z":3.0764527320861818},"rotation":{"x":0.13321223855018617,"y":-0.741579532623291,"z":0.1545766443014145,"w":0.6390833854675293},"size":11.237556457519532,"orthographic":false}