{"cameraMode":{"drawMode":0,"name":"Shaded","section":"Shading Mode"},"sceneLighting":false,"audioPlay":false,"sceneViewState":{"showFog":true,"showMaterialUpdate":true,"showSkybox":false,"showFlares":true,"showImageEffects":true,"showParticleSystems":true},"in2DMode":false,"pivot":{"x":-0.02245807647705078,"y":0.003947265446186066,"z":0.006858311593532562},"rotation":{"x":-0.17508967220783235,"y":0.7588988542556763,"z":-0.2272927314043045,"w":-0.5846071839332581},"size":0.4017445147037506,"orthographic":false}