{"cameraMode":{"drawMode":0,"name":"Shaded","section":"Shading Mode"},"sceneLighting":true,"audioPlay":false,"sceneViewState":{"showFog":true,"showMaterialUpdate":true,"showSkybox":true,"showFlares":true,"showImageEffects":true,"showParticleSystems":true},"in2DMode":false,"pivot":{"x":-40.814308166503909,"y":-13.743575096130371,"z":-92.137939453125},"rotation":{"x":-0.050545044243335727,"y":-0.9392064809799194,"z":0.15783771872520448,"w":-0.30073949694633486},"size":12.950068473815918,"orthographic":false}