{"cameraMode":{"drawMode":0,"name":"Shaded","section":"Shading Mode"},"sceneLighting":true,"audioPlay":false,"sceneViewState":{"showFog":true,"showMaterialUpdate":true,"showSkybox":true,"showFlares":true,"showImageEffects":true,"showParticleSystems":true},"in2DMode":false,"pivot":{"x":-14.40671157836914,"y":6.424835205078125,"z":22.24608612060547},"rotation":{"x":-0.17508967220783235,"y":0.7588988542556763,"z":-0.2272927314043045,"w":-0.5846071839332581},"size":49.126548767089847,"orthographic":false}