{"cameraMode":{"drawMode":0,"name":"Shaded","section":"Shading Mode"},"sceneLighting":true,"audioPlay":false,"sceneViewState":{"showFog":true,"showMaterialUpdate":true,"showSkybox":true,"showFlares":true,"showImageEffects":true,"showParticleSystems":true},"in2DMode":false,"pivot":{"x":-0.6299999952316284,"y":0.018930189311504365,"z":5.564214706420898},"rotation":{"x":0.22448568046092988,"y":-0.0266129057854414,"z":0.006135295610874891,"w":0.9741010665893555},"size":0.5994644165039063,"orthographic":false}