{"cameraMode":{"drawMode":0,"name":"Shaded","section":"Shading Mode"},"sceneLighting":true,"audioPlay":false,"sceneViewState":{"showFog":true,"showMaterialUpdate":true,"showSkybox":true,"showFlares":true,"showImageEffects":true,"showParticleSystems":true},"in2DMode":false,"pivot":{"x":2.397928476333618,"y":1.8782860040664673,"z":5.9272990226745609},"rotation":{"x":-0.006152846850454807,"y":-0.9916490912437439,"z":0.05211492255330086,"w":-0.11808659136295319},"size":5.999465465545654,"orthographic":false}